sample_id,ISO_01,ISO_02,ISO_03,ISO_04,ISO_05,ISO_06,ISO_07,ISO_08,ISO_09,ISO_10,ISO_11,ISO_12
ISO_01,100,99.885,98.85,98.965,95.69,95.52,95.35,97.22,97.05,96.88,96.71,96.54
ISO_02,99.885,100,99.655,99.77,96.88,96.71,96.54,96.37,96.2,96.03,95.86,95.69
ISO_03,98.85,99.655,100,99.425,96.03,95.86,95.69,95.52,95.35,97.22,97.05,96.88
ISO_04,98.965,99.77,99.425,100,97.22,97.05,96.88,96.71,96.54,96.37,96.2,96.03
ISO_05,95.69,96.88,96.03,97.22,100,98.965,99.08,99.195,95.69,95.52,95.35,97.22
ISO_06,95.52,96.71,95.86,97.05,98.965,100,99.885,98.85,96.88,96.71,96.54,96.37
ISO_07,95.35,96.54,95.69,96.88,99.08,99.885,100,99.655,96.03,95.86,95.69,95.52
ISO_08,97.22,96.37,95.52,96.71,99.195,98.85,99.655,100,97.22,97.05,96.88,96.71
ISO_09,97.05,96.2,95.35,96.54,95.69,96.88,96.03,97.22,100,99.195,99.31,99.425
ISO_10,96.88,96.03,97.22,96.37,95.52,96.71,95.86,97.05,99.195,100,98.965,99.08
ISO_11,96.71,95.86,97.05,96.2,95.35,96.54,95.69,96.88,99.31,98.965,100,99.885
ISO_12,96.54,95.69,96.88,96.03,97.22,96.37,95.52,96.71,99.425,99.08,99.885,100
